date,ts,contract,N,EL,XL,ES,XS,units,lots,stop,equity,win,d1
20240530,20240530 0.144500000,p2701.DCE,129.5,7892,7412,7242,7892,0,0,0,1000000,61,7878
20240531,20240531 0.144500000,p2701.DCE,129.6,7898,7452,7242,7898,0,0,0,1000000,61,7782
20240603,20240603 0.144500000,p2701.DCE,132.4,7950,7544,7242,7950,0,0,0,1000000,61,7938
20240604,20240604 0.144500000,p2701.DCE,140.9,7980,7544,7242,7980,0,0,0,1000000,61,7696
20240605,20240605 0.144500000,p2701.DCE,140.6,7980,7544,7242,7980,0,0,0,1000000,61,7672
20240606,20240606 0.144500000,p2701.DCE,138,7980,7544,7242,7980,0,0,0,1000000,61,7620
20240607,20240607 0.144500000,p2701.DCE,138.4,7980,7578,7242,7980,0,0,0,1000000,61,7744
20240611,20240611 0.144500000,p2701.DCE,136.7,7980,7586,7286,7980,0,0,0,1000000,61,7804
20240612,20240612 0.144500000,p2701.DCE,140.9,7980,7586,7308,7980,0,0,0,1000000,61,7618
20240613,20240613 0.144500000,p2701.DCE,141.1,7980,7586,7308,7980,0,0,0,1000000,61,7730
20240614,20240614 0.144500000,p2701.DCE,140.4,7980,7586,7412,7980,0,0,0,1000000,61,7712
20240617,20240617 0.144500000,p2701.DCE,140.3,7980,7586,7452,7980,0,0,0,1000000,61,7672
20240618,20240618 0.144500000,p2701.DCE,145.5,7980,7450,7450,7980,0,0,0,1000000,61,7494
20240619,20240619 0.144500000,p2701.DCE,145.7,7980,7450,7450,7848,0,0,0,1000000,61,7590
20240620,20240620 0.144500000,p2701.DCE,145.7,7980,7450,7450,7848,0,0,0,1000000,61,7688
20240621,20240621 0.144500000,p2701.DCE,142.1,7980,7450,7450,7848,0,0,0,1000000,61,7684
20240624,20240624 0.144500000,p2701.DCE,141.4,7980,7450,7450,7848,0,0,0,1000000,61,7626
20240625,20240625 0.144500000,p2701.DCE,140.3,7980,7450,7450,7814,0,0,0,1000000,61,7620
20240626,20240626 0.144500000,p2701.DCE,139,7980,7450,7450,7786,0,0,0,1000000,61,7570
20240627,20240627 0.144500000,p2701.DCE,140.3,7980,7450,7450,7786,0,0,0,1000000,61,7610
20240628,20240628 0.144500000,p2701.DCE,138,7980,7450,7450,7760,0,0,0,1000000,61,7556
20240701,20240701 0.144500000,p2701.DCE,136,7980,7450,7450,7736,0,0,0,1000000,61,7634
20240702,20240702 0.144500000,p2701.DCE,138.9,7980,7458,7450,7806,0,0,0,1000000,61,7792
20240703,20240703 0.144500000,p2701.DCE,140,7938,7458,7450,7938,0,0,0,1000000,61,7890
20240704,20240704 0.144500000,p2701.DCE,138.7,7960,7458,7450,7960,0,0,0,1000000,61,7896
20240705,20240705 0.144500000,p2701.DCE,138.8,8000,7458,7450,8000,0,0,0,1000000,61,7908
20240708,20240708 0.144500000,p2701.DCE,138.3,8000,7458,7450,8000,0,0,0,1000000,61,7854
20240709,20240709 0.144500000,p2701.DCE,138.7,8000,7458,7450,8000,0,0,0,1000000,61,7824
20240710,20240710 0.144500000,p2701.DCE,139,8000,7458,7450,8000,0,0,0,1000000,61,7702
20240711,20240711 0.144500000,p2701.DCE,142.9,8000,7486,7450,8000,0,0,0,1000000,61,7542
20240712,20240712 0.144500000,p2701.DCE,139.7,8000,7486,7450,8000,0,0,0,1000000,61,7554
20240715,20240715 0.144500000,p2701.DCE,141.6,8000,7486,7450,8000,0,0,0,1000000,61,7652
20240716,20240716 0.144500000,p2701.DCE,141.9,8000,7486,7458,8000,0,0,0,1000000,61,7580
20240717,20240717 0.144500000,p2701.DCE,145.1,8000,7486,7458,8000,0,0,0,1000000,61,7668
20240718,20240718 0.144500000,p2701.DCE,144.3,8000,7486,7458,8000,0,0,0,1000000,61,7718
20240719,20240719 0.144500000,p2701.DCE,144.1,8000,7486,7458,7956,0,0,0,1000000,61,7752
20240722,20240722 0.144500000,p2701.DCE,141.2,8000,7486,7458,7918,0,0,0,1000000,61,7710
20240723,20240723 0.144500000,p2701.DCE,143.5,8000,7486,7458,7824,0,0,0,1000000,61,7792
20240724,20240724 0.144500000,p2701.DCE,142.3,8000,7486,7458,7876,0,0,0,1000000,61,7764
20240725,20240725 0.144500000,p2701.DCE,146.1,8000,7518,7486,7876,0,0,0,1000000,61,7642
20240726,20240726 0.144500000,p2701.DCE,144.2,8000,7518,7486,7876,0,0,0,1000000,61,7640
20240729,20240729 0.144500000,p2701.DCE,145.7,8000,7518,7486,7876,0,0,0,1000000,61,7750
20240730,20240730 0.144500000,p2701.DCE,149.4,8000,7518,7486,7876,0,0,0,1000000,61,7700
20240731,20240731 0.144500000,p2701.DCE,149.4,8000,7544,7486,7876,0,0,0,1000000,61,7672
20240801,20240801 0.144500000,p2701.DCE,147.5,8000,7544,7486,7876,0,0,0,1000000,61,7654
20240802,20240802 0.144500000,p2701.DCE,146.2,7956,7544,7486,7876,0,0,0,1000000,61,7630
20240805,20240805 0.144500000,p2701.DCE,149.3,7918,7544,7486,7876,0,0,0,1000000,61,7784
20240806,20240806 0.144500000,p2701.DCE,149.3,7876,7544,7486,7876,0,0,0,1000000,61,7670
20240807,20240807 0.144500000,p2701.DCE,153.8,7876,7426,7426,7842,0,0,0,1000000,61,7434
20240808,20240808 0.144500000,p2701.DCE,152.3,7876,7364,7364,7812,0,0,0,1000000,61,7408
20240809,20240809 0.144500000,p2701.DCE,150.7,7876,7364,7364,7812,0,0,0,1000000,61,7436
20240812,20240812 0.144500000,p2701.DCE,151.2,7876,7364,7364,7812,0,0,0,1000000,61,7578
20240813,20240813 0.144500000,p2701.DCE,148.8,7876,7364,7364,7812,0,0,0,1000000,61,7568
20240814,20240814 0.144500000,p2701.DCE,151.1,7876,7364,7364,7812,0,0,0,1000000,61,7436
20240815,20240815 0.144500000,p2701.DCE,150.3,7876,7324,7324,7812,0,0,0,1000000,61,7420
20240816,20240816 0.144500000,p2701.DCE,147.7,7876,7324,7324,7812,0,0,0,1000000,61,7496
20240819,20240819 0.144500000,p2701.DCE,145.7,7876,7324,7324,7774,0,0,0,1000000,61,7484
20240820,20240820 0.144500000,p2701.DCE,146.7,7876,7324,7324,7654,0,0,0,1000000,61,7578
20240821,20240821 0.144500000,p2701.DCE,145.5,7842,7324,7324,7652,0,0,0,1000000,61,7638
20240822,20240822 0.144500000,p2701.DCE,141.6,7812,7324,7324,7694,1,7,7528.8,996920,61,7648
20240823,20240823 0.144500000,p2701.DCE,144.3,7842,7324,7324,7842,1,7,7528.8,1000560,61,7772
20240826,20240826 0.144500000,p2701.DCE,142.6,7848,7324,7324,7848,2,10,7598.1,1020640,61,7812
20240827,20240827 0.144500000,p2701.DCE,149,8088,7324,7324,8088,2,10,7598.1,1024440,61,8078
20240828,20240828 0.144500000,p2701.DCE,145.3,8108,7324,7324,8108,2,10,7598.1,1015640,61,8062
20240829,20240829 0.144500000,p2701.DCE,143.6,8108,7432,7324,8108,2,10,7598.1,1015840,61,8014
20240830,20240830 0.144500000,p2701.DCE,141.4,8108,7444,7324,8108,2,10,7598.1,1022640,61,7988
20240902,20240902 0.144500000,p2701.DCE,139.7,8108,7444,7324,8108,2,10,7598.1,1008840,61,8056
20240903,20240903 0.144500000,p2701.DCE,143.9,8108,7534,7324,8108,2,10,7598.1,1015440,61,7906
20240904,20240904 0.144500000,p2701.DCE,148.8,8128,7616,7324,8128,2,10,7598.1,1003240,61,7998
20240905,20240905 0.144500000,p2701.DCE,150.1,8128,7648,7324,8128,2,10,7598.1,1002040,61,7874
20240906,20240906 0.144500000,p2701.DCE,147.4,8128,7740,7324,8128,2,10,7598.1,1004640,61,7862
20240909,20240909 0.144500000,p2701.DCE,147.5,8128,7798,7324,8128,0,0,0,996040,61,7886
20240910,20240910 0.144500000,p2701.DCE,147.5,8128,7742,7324,8128,0,0,0,996040,61,7898
20240911,20240911 0.144500000,p2701.DCE,145.6,8128,7742,7324,8128,0,0,0,996040,61,7840
20240912,20240912 0.144500000,p2701.DCE,144.6,8128,7742,7432,8128,0,0,0,996040,61,7880
20240913,20240913 0.144500000,p2701.DCE,146.2,8128,7720,7444,8128,0,0,0,996040,61,7828
20240918,20240918 0.144500000,p2701.DCE,149.8,8128,7720,7444,8128,0,0,0,996040,61,7766
20240919,20240919 0.144500000,p2701.DCE,152.4,8128,7720,7534,8128,1,6,7823.2,997600,61,7952
20240920,20240920 0.144500000,p2701.DCE,156.3,8180,7720,7616,8180,1,6,7823.2,999160,61,8166
20240923,20240923 0.144500000,p2701.DCE,153.1,8200,7720,7648,8200,2,10,7898.4,1004320,61,8180
20240924,20240924 0.144500000,p2701.DCE,153.7,8296,7720,7720,8296,2,10,7898.4,1005520,61,8228
20240925,20240925 0.144500000,p2701.DCE,151.2,8312,7720,7720,8312,2,10,7898.4,1019120,61,8258
20240926,20240926 0.144500000,p2701.DCE,154.5,8482,7720,7720,8482,2,10,7898.4,1031720,61,8386
20240927,20240927 0.144500000,p2701.DCE,156.9,8584,7720,7720,8584,2,10,7898.4,1040520,61,8530
20240930,20240930 0.144500000,p2701.DCE,158.1,8672,7720,7720,8672,2,10,7898.4,1037720,61,8616
20241008,20241008 0.144500000,p2701.DCE,161.7,8672,7754,7720,8672,2,10,7898.4,1055920,61,8568
20241009,20241009 0.144500000,p2701.DCE,176.8,9028,7774,7720,9028,2,10,7898.4,1049920,61,8746
20241010,20241010 0.144500000,p2701.DCE,175.8,9028,7952,7720,9028,2,10,7898.4,1050320,61,8690
20241011,20241011 0.144500000,p2701.DCE,179.6,9028,8106,7720,9028,2,10,7898.4,1061320,61,8690
20241014,20241014 0.144500000,p2701.DCE,181.3,9028,8136,7720,9028,2,10,7898.4,1066920,61,8846
20241015,20241015 0.144500000,p2701.DCE,184.6,9046,8216,7720,9046,2,10,7898.4,1054520,61,8852
20241016,20241016 0.144500000,p2701.DCE,183.3,9046,8288,7720,9046,2,10,7898.4,1071920,61,8724
20241017,20241017 0.144500000,p2701.DCE,186.4,9046,8380,7720,9046,2,10,7898.4,1069120,61,8902
20241018,20241018 0.144500000,p2701.DCE,184.4,9046,8430,7720,9046,2,10,7898.4,1065320,61,8864
20241021,20241021 0.144500000,p2701.DCE,188.7,9092,8430,7720,9092,2,10,7898.4,1065320,61,8836
20241022,20241022 0.144500000,p2701.DCE,186.8,9092,8566,7754,9092,2,10,7898.4,1074120,61,8860
20241023,20241023 0.144500000,p2701.DCE,184.7,9092,8566,7774,9092,2,10,7898.4,1096920,61,8996
20241024,20241024 0.144500000,p2701.DCE,187.1,9232,8566,7952,9232,2,10,7898.4,1104520,61,9230
20241025,20241025 0.144500000,p2701.DCE,186.4,9282,8704,8106,9282,2,10,7898.4,1113320,61,9280
20241028,20241028 0.144500000,p2701.DCE,187.1,9474,8714,8136,9474,2,10,7898.4,1110320,61,9302
20241029,20241029 0.144500000,p2701.DCE,189.4,9474,8714,8216,9474,2,10,7898.4,1108520,61,9270
20241030,20241030 0.144500000,p2701.DCE,186.9,9474,8736,8288,9474,2,10,7898.4,1116920,61,9270
20241031,20241031 0.144500000,p2701.DCE,184.5,9474,8736,8380,9474,2,10,7898.4,1125320,61,9392
20241101,20241101 0.144500000,p2701.DCE,182.2,9492,8736,8430,9492,2,10,7898.4,1146720,61,9478
20241104,20241104 0.144500000,p2701.DCE,183.8,9680,8736,8430,9680,2,10,7898.4,1151120,61,9668
20241105,20241105 0.144500000,p2701.DCE,181.3,9754,8862,8566,9754,2,10,7898.4,1142720,61,9714
20241106,20241106 0.144500000,p2701.DCE,180.2,9754,9014,8566,9754,2,10,7898.4,1145120,61,9610
20241107,20241107 0.144500000,p2701.DCE,180.3,9768,9112,8566,9768,2,10,7898.4,1170120,61,9712
20241108,20241108 0.144500000,p2701.DCE,185.4,9992,9138,8704,9992,2,10,7898.4,1187320,61,9914
20241111,20241111 0.144500000,p2701.DCE,187.9,10124,9138,8714,10124,2,10,7898.4,1200720,61,10088
20241112,20241112 0.144500000,p2701.DCE,190.6,10328,9204,8714,10328,2,10,7898.4,1191120,61,10212
20241113,20241113 0.144500000,p2701.DCE,194.6,10344,9274,8736,10344,2,10,7898.4,1162920,61,10146
20241114,20241114 0.144500000,p2701.DCE,207.3,10344,9354,8736,10344,2,10,7898.4,1170720,61,9782
20241115,20241115 0.144500000,p2701.DCE,205.9,10344,9470,8736,10344,2,10,7898.4,1183720,61,9914
20241118,20241118 0.144500000,p2701.DCE,206.5,10344,9584,8736,10344,2,10,7898.4,1167320,61,10084
20241119,20241119 0.144500000,p2701.DCE,213.8,10344,9584,8862,10344,2,10,7898.4,1180520,61,9878
20241120,20241120 0.144500000,p2701.DCE,222.6,10344,9584,9014,10344,2,10,7898.4,1176320,61,9966
20241121,20241121 0.144500000,p2701.DCE,218.3,10344,9698,9112,10344,0,0,0,1149520,61,9954
20241122,20241122 0.144500000,p2701.DCE,228.7,10344,9532,9138,10344,0,0,0,1149520,61,9556
20241125,20241125 0.144500000,p2701.DCE,225.3,10344,9518,9138,10344,0,0,0,1149520,61,9570
20241126,20241126 0.144500000,p2701.DCE,227.8,10344,9448,9204,10344,0,0,0,1149520,61,9710
20241127,20241127 0.144500000,p2701.DCE,228.2,10344,9448,9274,10200,0,0,0,1149520,61,9740
20241128,20241128 0.144500000,p2701.DCE,226.3,10344,9448,9354,10186,0,0,0,1149520,61,9874
20241129,20241129 0.144500000,p2701.DCE,222.3,10344,9448,9448,10186,0,0,0,1149520,61,9908
20241202,20241202 0.144500000,p2701.DCE,227.2,10344,9448,9448,10222,0,0,0,1149520,61,10194
20241203,20241203 0.144500000,p2701.DCE,224.4,10344,9448,9448,10300,1,5,9895.2,1150020,61,10210
20241204,20241204 0.144500000,p2701.DCE,227.7,10440,9448,9448,10440,2,9,10002.6,1145500,61,10428
20241205,20241205 0.144500000,p2701.DCE,228.4,10518,9448,9448,10518,2,9,10002.6,1137940,61,10328
20241206,20241206 0.144500000,p2701.DCE,232.4,10518,9448,9448,10518,2,9,10002.6,1132360,61,10282
20241209,20241209 0.144500000,p2701.DCE,228.8,10518,9448,9448,10518,2,9,10002.6,1130740,61,10226
20241210,20241210 0.144500000,p2701.DCE,228.1,10518,9616,9448,10518,0,0,0,1113820,61,10200
20241211,20241211 0.144500000,p2701.DCE,236.1,10518,9676,9448,10518,0,0,0,1113820,61,9998
20241212,20241212 0.144500000,p2701.DCE,232.7,10518,9820,9448,10518,0,0,0,1113820,61,10066
20241213,20241213 0.144500000,p2701.DCE,232,10518,9858,9448,10518,0,0,0,1113820,61,9932
20241216,20241216 0.144500000,p2701.DCE,225.8,10518,9858,9448,10518,0,0,0,1113820,61,9986
20241217,20241217 0.144500000,p2701.DCE,221.4,10518,9858,9448,10518,0,0,0,1113820,61,10028
20241218,20241218 0.144500000,p2701.DCE,216.5,10518,9858,9448,10518,0,0,0,1113820,61,9960
20241219,20241219 0.144500000,p2701.DCE,213,10518,9854,9448,10416,0,0,0,1113820,61,9880
20241220,20241220 0.144500000,p2701.DCE,221.5,10518,9494,9448,10338,0,0,0,1113820,61,9532
20241223,20241223 0.144500000,p2701.DCE,221,10518,9450,9448,10338,0,0,0,1113820,61,9470
20241224,20241224 0.144500000,p2701.DCE,228.8,10518,9286,9286,10326,0,0,0,1113820,61,9652
20241225,20241225 0.144500000,p2701.DCE,223.5,10518,9286,9286,10096,0,0,0,1113820,61,9686
20241226,20241226 0.144500000,p2701.DCE,221.2,10518,9286,9286,10096,0,0,0,1113820,61,9690
20241227,20241227 0.144500000,p2701.DCE,217.1,10518,9286,9286,10096,0,0,0,1113820,61,9758
20241230,20241230 0.144500000,p2701.DCE,212.7,10518,9286,9286,10096,0,0,0,1113820,61,9834
